,H2OSOI,SOILLIQ,SOILICE,TSOI,W_SCALAR,AGNPP,PRECIP,RAIN,SNOW,TBOT,GPP,AR,NPP,LITFALL
0,0.19948359,3.9896717,0.0,14.80484,0.69422245,1.396164,0.0,0.0,0.0,12.629822,3.6402702,3.71562,-0.07534981,2.7867088
1,0.18517545,3.703509,0.0,13.784302,0.65417796,1.3875306,0.803,0.803,0.0,11.840912,3.7389479,3.6893327,0.049615145,2.7816153
2,0.20486255,4.097251,0.0,11.344421,0.6748536,1.3785865,16.478998,16.478998,0.0,8.562958,2.4308016,3.1184292,-0.68762755,2.7813234
3,0.20226088,4.0452175,0.0,9.63739,0.6768783,1.3669019,6.082,6.082,0.0,6.2135925,2.2457204,2.8303647,-0.5846443,2.7809992
4,0.18509701,3.70194,0.0,8.885834,0.65082914,1.3552754,0.101399995,0.101399995,0.0,6.4701843,3.3803587,2.8146892,0.56566954,2.7807114
5,0.17378786,3.4729602,0.0025648815,7.8561096,0.6297647,1.3456984,0.0,0.0,0.0,6.0152283,3.8399677,2.680647,1.1593208,2.780413
6,0.16879384,3.375877,0.0,8.152863,0.6200846,1.3372636,0.4006,0.4006,0.0,8.014313,3.9528227,2.7527437,1.200079,2.7800913
7,0.16813807,3.3627613,0.0,8.247803,0.6192037,1.3288646,1.004,1.004,0.0,6.7824707,3.3268054,2.7125065,0.6142988,2.7798147
8,0.1884847,3.7696939,0.0,8.968445,0.6573002,1.3193303,5.9328003,5.6348944,0.29790607,8.044281,3.6198058,2.8664315,0.75337434,2.779524
9,0.19524637,3.9049275,0.0,9.535309,0.66288406,1.3105885,9.434,9.434,0.0,9.675446,3.4525902,3.0193238,0.4332664,2.779614
10,0.18547589,3.7095177,0.0,9.336639,0.6567024,1.3016719,0.2008,0.2008,0.0,8.842926,3.622528,3.0502577,0.5722704,2.7796614
11,0.19608057,3.9216113,0.0,9.832184,0.67559034,1.2925307,7.8985996,7.695591,0.2030088,9.768066,3.5832663,3.2252512,0.35801506,2.779513
12,0.19945538,3.9891076,0.0,9.516296,0.68537676,1.2836905,1.8102,1.8102,0.0,7.972748,3.347326,2.9708905,0.37643552,2.7795894
13,0.18886311,3.7772622,0.0,8.437714,0.66132635,1.275049,4.2626,4.2626,0.0,6.5617676,3.4344263,2.8370848,0.59734154,2.7779977
14,0.196269,3.92538,0.0,8.28244,0.6678129,1.2666712,6.901201,6.901201,0.0,7.4212036,3.300137,2.8982415,0.40189552,2.777444
15,0.1843343,3.686686,0.0,8.906372,0.65221536,1.2585037,2.2092,2.2092,0.0,8.699799,3.908938,3.011003,0.8979349,2.7778873
16,0.20075408,4.01508,1.606956e-06,7.864929,0.67375785,1.2508311,9.115801,8.47579,0.6400105,6.5103455,3.2145903,2.7777035,0.4368868,2.7769935
17,0.18238376,3.5073647,0.12866493,6.517395,0.6322203,1.241966,0.0,0.0,0.0,3.9702454,3.4270658,2.5695581,0.8575077,2.7761397
18,0.18374132,3.1254323,0.5037945,7.4431763,0.57354677,1.2341506,0.6074,0.6074,0.0,6.474518,3.7903233,2.7884114,1.0019119,2.7757592
19,0.18618165,3.3951783,0.30119282,8.585083,0.6176352,1.2268021,0.60859996,0.60859996,0.0,9.2430725,3.9652047,3.0212865,0.9439182,2.7753778
20,0.1818622,3.637244,0.0,7.80365,0.6415399,1.2198594,3.5046,3.5046,0.0,6.0570984,3.5491138,2.870442,0.67867184,2.7760901
21,0.17308038,3.4616077,0.0,5.9999695,0.6291088,1.2128798,0.70280004,0.70280004,0.0,4.441986,3.3100955,2.6127539,0.6973417,2.7756765
22,0.19301686,3.860337,0.0,6.697815,0.6662816,1.2045662,5.4244003,5.4244003,0.0,6.231842,3.43137,2.7722197,0.65915036,2.7759345
23,0.20741308,4.1482615,0.0,8.195068,0.7197583,1.1964443,10.5104,10.5104,0.0,7.76947,3.8458223,2.9444237,0.90139866,2.7742987
24,0.23424551,4.6849103,0.0,8.327545,0.8342692,1.1913531,2.3140001,2.3140001,0.0,8.039764,4.854628,3.0265226,1.8281054,2.7737527
25,0.21936771,4.3873544,0.0,8.92569,0.805974,1.1883413,0.2008,0.2008,0.0,9.089294,4.80525,3.212151,1.5930991,2.7735271
26,0.21764007,4.3528013,0.0,8.678375,0.7972221,1.1850827,3.4126,3.4126,0.0,8.912689,4.8289185,3.1581979,1.6707206,2.7731273
27,0.22487536,4.497507,0.0,9.330536,0.80503607,1.1811578,7.8356,7.8356,0.0,9.66391,4.3931394,3.2035954,1.189544,2.7726324
28,0.22887087,4.5774174,0.0,9.248138,0.81371987,1.1763752,4.4254003,4.4254003,0.0,9.440735,4.7509794,3.1961553,1.5548241,2.7726111
29,0.21621986,4.324397,0.0,8.183441,0.79570025,1.1720529,1.0022001,1.0022001,0.0,6.31604,4.2342677,2.8477964,1.3864713,2.7731333
30,0.20425518,4.085103,0.0,6.7730103,0.7719808,1.167471,0.0,0.0,0.0,6.0747986,5.152908,2.7781615,2.3747463,2.7728713
31,0.20288284,4.0576563,0.0,8.359589,0.76627374,1.1663842,1.3050001,1.3050001,0.0,9.968353,5.792529,3.2674978,2.5250313,2.7725074
32,0.19671622,3.9343247,0.0,9.283356,0.7534916,1.1666505,0.40579998,0.40579998,0.0,9.690063,5.1978674,3.333414,1.8644533,2.7740197
33,0.20285949,4.0571904,0.0,8.914124,0.7643143,1.1645044,2.9085999,2.9085999,0.0,8.718597,4.8222575,3.2108068,1.6114507,2.7731462
34,0.2176744,4.353488,0.0,9.45224,0.7841412,1.1610696,8.1096,8.1096,0.0,10.4711,5.0530696,3.380843,1.6722267,2.7701135
35,0.22473082,4.4946165,0.0,11.217041,0.7902923,1.1585765,16.993,16.993,0.0,12.817902,4.2986298,3.6144853,0.6841445,2.769649
36,0.22027616,4.405523,0.0,12.66156,0.79907525,1.1533701,2.5314,2.5314,0.0,13.526886,4.9358635,3.906464,1.0293994,2.769125
37,0.24417019,4.883404,0.0,11.998627,0.83669376,1.1501904,18.2362,18.2362,0.0,11.94928,4.905944,3.714899,1.1910448,2.769382
38,0.24295571,4.8591146,0.0,11.074738,0.8362649,1.146626,12.676002,12.6204605,0.05554109,9.927734,4.2699833,3.4336877,0.8362956,2.7694407
39,0.21885386,4.377077,0.0,9.033783,0.7986991,1.1421355,0.20139998,0.20139998,0.0,7.337494,5.446583,3.0447657,2.401817,2.7717764
40,0.20551184,4.1102366,0.0,9.393738,0.769056,1.1426628,1.5082,1.5082,0.0,10.150543,6.197857,3.2903023,2.9075546,2.7721531
41,0.22715719,4.5431437,0.0,11.354584,0.78941286,1.1443975,22.398401,22.398401,0.0,13.346649,4.6925726,3.5624475,1.130125,2.7716599
42,0.2522752,5.045504,0.0,13.626038,0.82777756,1.1414895,19.59,19.59,0.0,15.131409,4.3147907,3.9616532,0.3531375,2.7671661
43,0.24375698,4.8751397,0.0,12.154144,0.83787954,1.1366882,7.2109995,7.2109995,0.0,10.85141,4.130276,3.3874173,0.7428589,2.7662082
44,0.23246488,4.649297,0.0,9.832031,0.8303407,1.1313654,0.40579998,0.40579998,0.0,7.0013123,4.1277695,3.0392385,1.088531,2.7668133
45,0.21603577,4.320716,0.0,8.815796,0.79793674,1.1260312,0.0,0.0,0.0,7.633209,4.7790256,3.006198,1.7728276,2.7671351
46,0.21221311,4.2442617,0.0,9.938477,0.7877285,1.1225835,3.112,1.3366654,1.7753345,10.4496155,5.0845513,3.3505204,1.734031,2.7653263
47,0.21481319,4.2210107,0.069007106,10.593231,0.7845904,1.1206129,0.70620006,0.70620006,0.0,9.761932,4.339396,3.3951154,0.9442806,2.764624
48,0.2082799,3.9827895,0.16763526,10.821747,0.75956655,1.1166164,0.20019999,0.20019999,0.0,10.872955,4.7333007,3.4087849,1.3245158,2.7640061
49,0.25831836,5.1663675,0.0,10.808105,0.86161613,1.1124266,19.4924,18.949902,0.5424979,9.411072,4.103521,3.2350917,0.8684292,2.764614
50,0.24785879,4.9571753,0.0,9.782349,0.8526104,1.1061456,7.3666,7.3666,0.0,8.473114,4.27037,3.0526695,1.2177005,2.764106
51,0.25091454,5.018291,0.0,10.252838,0.8574511,1.1025403,8.393999,8.393999,0.0,10.554352,4.7505846,3.2216368,1.5289478,2.7627032
52,0.25559026,5.1118054,0.0,11.489838,0.8599828,1.1002367,14.811399,14.811399,0.0,12.28891,4.9990664,3.5620174,1.4370489,2.7622867
53,0.24863467,4.9726934,0.0,12.766663,0.8499262,1.0986121,7.9046,7.9046,0.0,14.245117,6.147049,3.9385667,2.2084823,2.7618768
54,0.22941355,4.588271,0.0,14.17276,0.8210947,1.1007752,2.4027998,2.4027998,0.0,16.5047,6.514751,4.220816,2.2939348,2.7615025
55,0.23533542,4.7067084,0.0,14.536346,0.8306557,1.1027075,5.7282,5.7282,0.0,15.925293,5.878098,4.1155014,1.7625966,2.7611263
56,0.24155083,4.8310165,0.0,13.761749,0.84606755,1.1029332,4.8242,4.8242,0.0,13.773315,5.444854,3.848287,1.5965667,2.7607355
57,0.23739934,4.747987,0.0,12.297607,0.8334015,1.1015561,4.8276,4.8276,0.0,11.855164,5.3814116,3.5417252,1.8396864,2.7603295
58,0.22252211,4.4504423,0.0,12.63858,0.81026953,1.1003544,1.2018,1.2018,0.0,12.523254,5.8273783,3.7423167,2.0850616,2.7599258
59,0.22626714,4.5253434,0.0,13.33902,0.8149581,1.1006874,3.0018,3.0018,0.0,14.1586,6.461662,3.93645,2.5252118,2.7595363
60,0.22538522,4.5077043,0.0,13.907684,0.8160585,1.1023504,3.0138001,3.0138001,0.0,14.635315,5.4485435,3.8234832,1.6250603,2.7591588
61,0.22674194,4.534838,0.0,11.969025,0.8192488,1.1018503,2.5088,2.5088,0.0,11.605225,5.7938533,3.3374627,2.4563906,2.7587633
62,0.23945114,4.789023,0.0,12.278931,0.83623916,1.1030976,9.8698,9.8698,0.0,12.542175,6.0408354,3.480125,2.5607104,2.7583852
63,0.24371433,4.8742867,0.0,12.564148,0.8423293,1.1056921,8.931,8.931,0.0,13.592743,6.367256,3.5855446,2.7817116,2.7580209
64,0.23273022,4.6546044,0.0,12.77066,0.8178193,1.1083944,8.017,8.017,0.0,13.223114,5.306916,3.5597312,1.747185,2.757658
65,0.24751215,4.9502425,0.0,12.250977,0.8389934,1.107652,13.743799,13.743799,0.0,11.55658,5.943365,3.5377827,2.4055824,2.7572663
66,0.22338514,4.4677033,0.0,11.376251,0.8097458,1.1094809,1.4018,1.4018,0.0,11.0954895,6.3586283,3.3953304,2.9632978,2.7568989
67,0.21993141,4.398628,0.0,10.696655,0.80566216,1.111901,1.4021999,1.4021999,0.0,10.270111,6.0150995,3.3106809,2.7044187,2.7565384
68,0.22092052,4.4184103,0.0,11.552521,0.8028966,1.1142308,3.504,3.504,0.0,12.7196045,6.9124746,3.6113205,3.3011541,2.7561803
69,0.20979528,4.1959057,0.0,13.24408,0.7833374,1.1199011,0.60080004,0.60080004,0.0,14.7473755,7.72866,4.039842,3.688818,2.7558572
70,0.2370698,4.7413964,0.0,14.383575,0.8231513,1.1264199,14.2708,14.2708,0.0,15.520569,6.386854,3.9651546,2.4216995,2.7555437
71,0.2411067,4.822134,0.0,13.418701,0.8402797,1.1289302,4.6218004,4.528356,0.093444124,12.484924,6.3391056,3.8044348,2.5346708,2.755197
72,0.21854289,4.370858,0.0,13.112061,0.8004635,1.1316795,0.0,0.0,0.0,13.511444,7.4275837,3.908658,3.5189257,2.7548573
73,0.20745793,4.1491585,0.0,14.267181,0.7759466,1.1373891,1.8066001,1.8066001,0.0,15.669281,6.935742,4.082334,2.8534079,2.754618
74,0.2272183,4.544366,0.0,14.430145,0.80746144,1.1417071,8.608799,8.608799,0.0,15.587372,6.9836597,4.0236483,2.9600115,2.7545798
75,0.23894207,4.7788415,0.0,14.777832,0.8416382,1.1450688,4.5168,4.5168,0.0,15.364105,6.131133,3.9410276,2.1901054,2.7539005
76,0.23755085,4.7510176,0.0,14.676575,0.8381829,1.1472024,4.1156,4.1156,0.0,15.607788,7.1390376,4.066371,3.0726666,2.7535667
77,0.24383815,4.8767633,0.0,15.444672,0.8396944,1.1520176,12.430399,12.430399,0.0,16.752533,6.610607,4.1519446,2.4586625,2.7532592
78,0.22628443,4.5256886,0.0,14.186798,0.8179239,1.1548637,0.0,0.0,0.0,13.868866,6.9854984,3.9052842,3.0802143,2.7529373
79,0.21091306,4.2182617,0.0,14.11557,0.7869512,1.1591144,0.20120001,0.20120001,0.0,14.720428,7.4286404,3.9904604,3.43818,2.752632
80,0.20134997,4.0269995,0.0,13.687042,0.76604676,1.1646447,0.0,0.0,0.0,13.97287,7.7959194,3.9250216,3.8708978,2.7523422
81,0.19928966,3.9857934,0.0,13.472595,0.7621501,1.1714289,0.8086,0.8086,0.0,13.997437,7.412573,3.9254017,3.4871712,2.7520683
82,0.22913918,4.5827837,0.0,13.898163,0.80730927,1.1771095,16.259003,16.259003,0.0,14.803162,7.188093,3.9780488,3.2100444,2.7517886
83,0.22112095,4.422419,0.0,15.074951,0.8039689,1.1826252,1.2176001,1.2176001,0.0,16.873291,7.7583075,4.2830963,3.4752111,2.7515125
84,0.22399464,4.4798927,0.0,16.717987,0.80214137,1.1888914,8.9332,8.9332,0.0,18.413177,6.9612594,4.5007334,2.460526,2.7512467
85,0.20956011,4.1912026,0.0,15.939758,0.7773573,1.1928837,0.101399995,0.101399995,0.0,16.215912,7.2826033,4.2409096,3.0416937,2.7509644
86,0.19599327,3.9198654,0.0,15.363953,0.74990875,1.1981772,0.0,0.0,0.0,16.370209,8.132227,4.2850094,3.8472176,2.7506986
87,0.19550207,3.9100413,0.0,16.764679,0.743184,1.2053821,2.9108,2.9108,0.0,18.277313,8.066507,4.5930796,3.4734278,2.750455
88,0.1967232,3.934464,0.0,16.676361,0.74246234,1.2123673,4.324,4.324,0.0,17.930817,7.709075,4.4958363,3.2132387,2.7505023
89,0.19859087,3.9718175,0.0,17.338074,0.75048935,1.218289,0.70259994,0.70259994,0.0,18.591492,8.146662,4.67327,3.4733915,2.751763
90,0.22614439,4.5228877,0.0,15.711334,0.79575753,1.223974,13.1322,13.1322,0.0,14.991272,6.372092,3.9785821,2.3935096,2.751036
91,0.21535245,4.307049,0.0,13.434906,0.7863272,1.2264774,1.7252,1.7252,0.0,12.180725,7.4167166,3.7626305,3.654086,2.7509346
92,0.20225962,4.045192,0.0,13.277863,0.76190823,1.2319849,0.0,0.0,0.0,12.86499,8.405735,3.9807906,4.4249444,2.7529671
93,0.19050577,3.8101153,0.0,14.223907,0.73490345,1.2411374,0.0,0.0,0.0,15.792725,8.842025,4.266414,4.5756106,2.7543612
94,0.18138531,3.627706,0.0,14.8333435,0.7124673,1.2507132,0.20120001,0.20120001,0.0,16.21585,8.157951,4.150298,4.007653,2.7540522
95,0.19795425,3.9590847,0.0,15.421478,0.74634296,1.2583331,5.6061993,5.6061993,0.0,16.817352,8.296249,4.318423,3.9778266,2.7497349
96,0.18976125,3.7952251,0.0,17.277008,0.7304567,1.2671735,0.76683587,0.76683587,0.0,19.641571,8.327496,4.6650915,3.662404,2.7496228
97,0.24160357,4.8320713,0.0,17.35495,0.8263318,1.2749953,19.42183,19.42183,0.0,17.947113,8.12901,4.580287,3.5487232,2.7482882
98,0.22074485,4.414897,0.0,16.362213,0.8000967,1.2809786,3.6582952,3.6582952,0.0,15.911926,7.5731077,4.3387966,3.234311,2.748111
99,0.21716826,4.343365,0.0,16.51654,0.7994468,1.2863373,0.72308475,0.72308475,0.0,16.832153,8.392988,4.509718,3.8832703,2.7478564
100,0.20738348,4.14767,0.0,17.084045,0.7805202,1.2951046,0.44680017,0.44680017,0.0,18.525879,9.158633,4.63107,4.527563,2.7476954
101,0.19621763,3.9243526,0.0,16.934479,0.7547487,1.3053708,0.5674273,0.5674273,0.0,17.439117,8.705505,4.523342,4.1821632,2.7475538
102,0.18832973,3.7665946,0.0,16.935242,0.7357127,1.3143456,0.27785206,0.27785206,0.0,18.559052,9.02394,4.5819693,4.441971,2.747408
103,0.19502448,3.9004898,0.0,18.337402,0.7447247,1.323182,3.1754272,3.1754272,0.0,20.2294,8.358874,4.88791,3.4709644,2.7472665
104,0.22746691,4.5493383,0.0,18.247467,0.80229485,1.3304131,13.936829,13.936829,0.0,18.407196,7.9616833,4.7188797,3.2428036,2.747116
105,0.22857137,4.5714273,0.0,15.275482,0.80462873,1.3356681,9.115828,9.115828,0.0,13.467255,8.248554,4.11903,4.129524,2.7469559
106,0.22161093,4.432219,0.0,14.575287,0.79414994,1.3419704,7.1752267,7.1752267,0.0,13.595795,7.7971916,4.0012684,3.7959232,2.7470074
107,0.21039005,4.207801,0.0,15.133484,0.7743562,1.3477076,1.7690274,1.7690274,0.0,16.020355,8.671171,4.2446823,4.426489,2.7473109
108,0.20468381,4.093676,0.0,16.452972,0.75692594,1.3566101,6.9724283,6.9724283,0.0,17.246613,9.136005,4.6097193,4.526286,2.7483864
109,0.21120575,4.224115,0.0,15.759338,0.7655419,1.3666654,7.1720276,7.1720276,0.0,14.750214,8.972764,4.398226,4.574538,2.7492113
110,0.21688287,4.3376575,0.0,14.382324,0.7695138,1.3757777,15.288628,15.288628,0.0,13.892273,8.296249,4.2277203,4.068529,2.7496345
111,0.21311946,4.262389,0.0,15.303711,0.7668992,1.3835208,6.5610275,6.5610275,0.0,16.196655,9.60176,4.5885124,5.0132475,2.753262
112,0.20049039,4.0098076,0.0,16.295776,0.74678767,1.3939722,3.8874273,3.8874273,0.0,17.925812,8.901041,4.620164,4.280877,2.7503903
113,0.20469682,4.093936,0.0,16.968903,0.75297403,1.4024037,3.7868276,3.7868276,0.0,18.479156,9.346915,4.8320627,4.5148525,2.7538962
114,0.20779805,4.155961,0.0,17.473236,0.7559194,1.4113953,6.5570774,6.5570774,0.0,18.132538,9.043388,4.9277368,4.1156516,2.7539892
115,0.20294611,4.058923,0.0,17.68686,0.7450168,1.4199729,6.170227,6.170227,0.0,18.070038,9.221063,4.902046,4.3190165,2.7559237
116,0.22627108,4.525422,0.0,17.62973,0.79258406,1.4289474,6.790827,6.790827,0.0,18.249847,9.382462,4.8952065,4.487255,2.7522857
117,0.2068193,4.136386,0.0,17.06427,0.7594074,1.4399341,0.17785202,0.17785202,0.0,17.360168,10.137247,4.8801765,5.2570705,2.7574427
118,0.19087537,3.8175073,0.0,17.856415,0.724572,1.4525304,0.16682735,0.16682735,0.0,19.322113,10.351814,5.1283283,5.223486,2.7577577
119,0.18038575,3.6077151,0.0,18.790985,0.69953847,1.4646459,0.16682735,0.16682735,0.0,20.605469,9.970427,5.2186637,4.751763,2.7548063
120,0.17709152,3.5418305,0.0,19.115784,0.6900703,1.4752724,1.3832272,1.3832272,0.0,20.342133,9.74892,5.2687764,4.480144,2.7535596
121,0.18392378,3.6784756,0.0,19.143158,0.69606966,1.4848028,4.672227,4.672227,0.0,20.282928,9.870007,5.239826,4.6301804,2.755868
122,0.17859583,3.5719166,0.0,19.852997,0.68361294,1.4956473,0.16682735,0.16682735,0.0,21.556976,9.755266,5.2387514,4.516515,2.764669
123,0.16772525,3.354505,0.0,21.017426,0.65726614,1.5052719,0.17785202,0.17785202,0.0,22.815582,9.953784,5.449796,4.503988,2.7509098
124,0.16366008,3.2732017,0.0,21.490173,0.647357,1.5148511,1.3674272,1.3674272,0.0,22.670654,8.841253,5.260561,3.5806923,2.7457542
125,0.16741434,3.3482864,0.0,20.831604,0.6566688,1.5217338,0.477852,0.477852,0.0,21.6221,9.8005905,5.30736,4.4932303,2.7505019
126,0.15737064,3.1474128,0.0,19.93219,0.63101876,1.5319443,0.23634522,0.23634522,0.0,20.0242,10.159637,5.2382655,4.921372,2.7526782
127,0.14867279,2.973456,0.0,19.539673,0.6035566,1.5428944,0.0,0.0,0.0,20.206787,10.166477,5.1879005,4.9785767,2.7571898
128,0.15777874,3.1555748,0.0,19.06778,0.61874884,1.5536344,1.609,1.609,0.0,19.388428,10.181721,5.1334805,5.04824,2.7574146
129,0.15952739,3.1905482,0.0,19.770752,0.60423213,1.562798,11.311,11.311,0.0,20.724945,8.376204,4.956226,3.4199777,2.767517
130,0.19375832,3.8751664,0.0,19.407135,0.72525704,1.5671427,3.0113997,3.0113997,0.0,19.391418,9.496763,5.074383,4.4223804,2.7471302
131,0.17967631,3.5935261,0.0,19.783386,0.7049667,1.5751073,1.0014,1.0014,0.0,20.883392,8.992731,4.9748774,4.0178537,2.748698
132,0.18918869,3.7837734,0.0,20.222626,0.7160038,1.5816782,3.5072,3.5072,0.0,21.1633,9.500573,5.1283092,4.372264,2.7552214
133,0.17099474,3.4198947,0.0,19.840912,0.67549354,1.5907699,0.1004,0.1004,0.0,20.502289,10.070928,5.1457324,4.925195,2.7613752
134,0.1576028,3.1520562,0.0,20.355286,0.6396618,1.6007247,0.0,0.0,0.0,21.642853,9.999371,5.1793365,4.820034,2.768066
135,0.14733419,2.9466834,0.0,21.134125,0.60864943,1.6098287,0.0,0.0,0.0,22.600433,10.058856,5.3314724,4.7273836,2.7737494
136,0.1570221,3.1404421,0.0,21.798096,0.63211596,1.6189624,1.5084,1.5084,0.0,22.826813,10.211578,5.504339,4.707239,2.7722435
137,0.16542432,3.3084865,0.0,22.117706,0.63509125,1.6281843,7.441,7.441,0.0,22.936615,10.082934,5.4638176,4.619117,2.7698267
138,0.15039179,3.0078359,0.0,22.117615,0.60024434,1.6364958,0.100600004,0.100600004,0.0,23.189789,9.729618,5.405163,4.3244553,2.7785363
139,0.17831416,3.566283,0.0,22.759857,0.677582,1.644713,4.8694,4.8694,0.0,23.56662,9.936689,5.5250998,4.4115896,2.7634325
140,0.16347872,3.2695744,0.0,22.53769,0.641755,1.6529485,2.8154,2.8154,0.0,23.356903,9.968492,5.3914766,4.577015,2.7700062
141,0.16368824,3.2737648,0.0,22.50763,0.63328755,1.6613849,0.0,0.0,0.0,22.939209,10.23969,5.394744,4.844946,2.7680435
142,0.14924918,2.984984,0.0,22.391144,0.59334975,1.6703693,0.3034,0.3034,0.0,22.792572,9.876544,5.3378077,4.5387363,2.766935
143,0.17488158,3.4976315,0.0,22.975159,0.6663031,1.6782106,6.0270004,6.0270004,0.0,24.059753,9.417927,5.333153,4.084774,2.75865
144,0.19234064,3.8468127,0.0,23.345795,0.71287817,1.6846087,3.2154,3.2154,0.0,24.29065,9.332408,5.298794,4.033614,2.7574427
145,0.18794951,3.75899,0.0,23.434814,0.69032776,1.6905091,8.6112,8.6112,0.0,24.386963,9.370882,5.2092676,4.1616144,2.7647805
146,0.18586937,3.717387,0.0,23.504547,0.6706655,1.696816,8.6108,8.6108,0.0,24.200012,9.517944,5.2338085,4.284136,2.7668204
147,0.20498273,4.0996547,0.0,23.332397,0.74859726,1.7037437,8.0994,8.0994,0.0,23.724182,9.438886,5.1898403,4.2490454,2.757039
148,0.20837519,4.167504,0.0,22.884857,0.75253546,1.7104787,8.2688,8.2688,0.0,22.83078,9.554124,5.149533,4.404591,2.7571378
149,0.23257656,4.651531,0.0,22.411285,0.7928401,1.7181637,13.8935995,13.8935995,0.0,22.498535,9.892238,5.1139016,4.778336,2.7563334
150,0.21288033,4.257607,0.0,22.501617,0.75311875,1.7270663,13.273201,13.273201,0.0,22.717224,9.540543,5.0881367,4.452406,2.7586057
151,0.18801291,3.7602582,0.0,23.032776,0.7053827,1.7356112,0.20120001,0.20120001,0.0,24.08316,10.17481,5.206554,4.9682565,2.7597477
152,0.17336117,3.4672234,0.0,23.721832,0.6662932,1.7447343,0.0,0.0,0.0,25.073456,9.975126,5.2122965,4.76283,2.763693
153,0.1639897,3.279794,0.0,24.24643,0.6358908,1.7523272,0.60099995,0.60099995,0.0,25.505432,9.450624,5.194642,4.2559824,2.7633648
154,0.15746573,3.1493146,0.0,24.38092,0.6110579,1.7584752,0.20040002,0.20040002,0.0,25.335327,9.555229,5.2238197,4.3314095,2.7624316
155,0.16344833,3.2689667,0.0,23.818726,0.6124531,1.76575,1.3048,1.3048,0.0,24.06958,9.717625,5.1459026,4.571722,2.7610438
156,0.15019652,3.0039303,0.0,23.810852,0.5711113,1.7726723,0.80039996,0.80039996,0.0,24.57611,9.575804,5.1744413,4.4013624,2.7595437
157,0.20412388,4.082478,0.0,23.597717,0.75422263,1.7788135,11.635199,11.635199,0.0,24.032318,8.452903,4.906766,3.5461369,2.748703
158,0.23498777,4.699755,0.0,24.049042,0.81740963,1.7835939,9.6666,9.6666,0.0,24.672607,9.731812,5.1311235,4.600688,2.7488596
159,0.21835303,4.3670607,0.0,24.414124,0.78544617,1.7911627,5.9208,5.9208,0.0,24.916626,9.525755,5.127859,4.397896,2.7490454
160,0.21548149,4.30963,0.0,24.523712,0.7745918,1.7983271,9.797199,9.797199,0.0,24.964478,9.05055,5.0521383,3.9984121,2.7492852
161,0.2137138,4.274276,0.0,24.072144,0.77144307,1.8038843,3.6446,3.6446,0.0,24.236969,9.350008,4.9622946,4.3877134,2.7495694
162,0.20281117,4.0562234,0.0,23.822357,0.7473918,1.8102212,3.5289903,3.5289903,0.0,23.640045,9.477056,4.9600935,4.516962,2.7502556
163,0.20051119,4.010224,0.0,23.949615,0.739956,1.8172631,5.8763905,5.8763905,0.0,24.347473,9.59857,5.001531,4.5970387,2.7513437
164,0.21023314,4.204663,0.0,24.009674,0.7700625,1.8251147,2.12111,2.12111,0.0,24.290436,9.908953,4.986188,4.922765,2.7527266
165,0.20403294,4.080659,0.0,24.346191,0.7541584,1.8334816,2.6705961,2.6705961,0.0,25.12265,10.01404,5.0423975,4.9716425,2.7536354
166,0.18703346,3.7406693,0.0,25.112366,0.71574414,1.8419619,0.31948316,0.31948316,0.0,25.990723,9.603691,5.0506535,4.5530376,2.7572603
167,0.17245136,3.4490273,0.0,24.817047,0.67845994,1.8483571,0.0,0.0,0.0,25.14093,9.422434,4.953626,4.4688077,2.756688
168,0.16621082,3.3242164,0.0,24.944733,0.6581706,1.8546293,3.5038,3.5038,0.0,25.352722,9.305419,4.958554,4.346865,2.7582111
169,0.18788238,3.7576478,0.0,24.359772,0.7310246,1.8610516,0.0,0.0,0.0,24.645966,9.611871,4.9482546,4.663616,2.7550888
170,0.21285944,4.2571883,0.0,24.415222,0.7720012,1.8672434,11.1324005,11.1324005,0.0,24.729034,8.624066,4.8625193,3.761547,2.7530003
171,0.2130861,4.261722,0.0,24.990479,0.7733583,1.8719869,5.6168003,5.6168003,0.0,25.944092,9.741313,4.9958973,4.7454157,2.7538657
172,0.18852656,3.7705312,0.0,25.936737,0.72827744,1.8792553,0.1004,0.1004,0.0,27.368347,9.629466,5.0893526,4.5401134,2.754771
173,0.17963155,3.592631,0.0,25.881256,0.70169646,1.8853767,4.6031995,4.6031995,0.0,26.546112,8.896773,4.954121,3.9426522,2.7558951
174,0.18868813,3.7737625,0.0,25.161102,0.7157964,1.8897026,3.4077997,3.4077997,0.0,25.46222,9.0979395,4.877988,4.2199516,2.7557383
175,0.18683697,3.7367394,0.0,25.872284,0.7204558,1.8954067,2.1292,2.1292,0.0,26.588348,9.739346,5.0620584,4.677287,2.756257
176,0.18956186,3.7912374,0.0,25.51944,0.71726716,1.9026278,3.1457999,3.1457999,0.0,25.632965,9.282927,4.9355183,4.3474083,2.7581887
177,0.1814914,3.629828,0.0,25.400177,0.7009451,1.9084902,0.402,0.402,0.0,25.5065,9.490711,4.9548388,4.5358725,2.7579813
178,0.18351896,3.670379,0.0,25.450409,0.68771046,1.9149632,8.1449995,8.1449995,0.0,25.35669,8.937998,4.902463,4.035535,2.7596242
179,0.18651289,3.7302575,0.0,25.12857,0.6963979,1.9199842,4.8028,4.8028,0.0,24.932434,9.451489,4.9493356,4.502154,2.759589
180,0.17864259,3.5728517,0.0,25.568909,0.67055714,1.9259417,6.5042,6.5042,0.0,25.806946,9.147745,4.9245977,4.2231474,2.7601755
181,0.17024986,3.4049973,0.0,25.639526,0.6479939,1.9309802,0.901,0.901,0.0,25.856995,9.441185,4.979093,4.462092,2.7594917
182,0.17798682,3.5597363,0.0,25.753693,0.6788082,1.9367642,0.70259994,0.70259994,0.0,25.99179,9.4493475,5.031054,4.4182935,2.7589965
183,0.17273286,3.454657,0.0,25.629608,0.6593633,1.9419641,2.7136002,2.7136002,0.0,25.574799,8.904161,4.9323754,3.971786,2.7581775
184,0.17696129,3.5392258,0.0,25.456696,0.6604199,1.9460618,6.2093997,6.2093997,0.0,25.044708,9.24229,4.994274,4.2480154,2.759604
185,0.17727852,3.5455704,0.0,25.536957,0.6590819,1.9519219,1.4015999,1.4015999,0.0,25.649872,9.61977,5.022138,4.597632,2.758386
186,0.17368053,3.4736106,0.0,25.972626,0.65415794,1.9580634,2.3028002,2.3028002,0.0,26.529877,9.440973,5.022991,4.417982,2.759602
187,0.1736988,3.4739757,0.0,26.266083,0.64877754,1.9630692,1.3044,1.3044,0.0,26.580902,8.941283,5.011768,3.9295154,2.7593782
188,0.1800072,3.6001441,0.0,25.734161,0.65265954,1.9667075,3.4161997,3.4161997,0.0,25.821198,9.156595,4.975683,4.180912,2.7601202
189,0.17418438,3.4836876,0.0,25.797546,0.6365045,1.9709725,2.4058003,2.4058003,0.0,26.013733,9.36718,4.998501,4.368679,2.7611642
190,0.19176438,3.8352878,0.0,26.320099,0.6602299,1.976532,7.9162,7.9162,0.0,26.655853,9.266836,5.0163984,4.2504377,2.7608032
191,0.19984198,3.9968395,0.0,25.891998,0.67734,1.9813683,6.8092003,6.8092003,0.0,25.407684,9.543157,5.0240088,4.519148,2.7589664
192,0.18488297,3.6976597,0.0,26.333008,0.64738625,1.9873724,2.4088001,2.4088001,0.0,26.683136,9.421999,5.041037,4.380962,2.7596164
193,0.18507665,3.701533,0.0,26.425873,0.6463429,1.9926574,2.4090002,2.4090002,0.0,26.527191,9.276812,5.0170326,4.259779,2.7600384
194,0.17960477,3.5920951,0.0,25.896973,0.63235676,1.9975414,6.342,6.342,0.0,25.709259,8.795786,4.919079,3.876707,2.7606158
195,0.18909284,3.781857,0.0,25.133667,0.65807444,2.0003867,2.1016,2.1016,0.0,24.647766,8.975256,4.846959,4.128297,2.7595072
196,0.1961045,3.9220898,0.0,25.53009,0.6741939,2.0043776,3.3035998,3.3035998,0.0,25.5755,9.107784,4.8948407,4.2129436,2.76019
197,0.17612611,3.5225224,0.0,26.052948,0.6368828,2.0083725,0.0,0.0,0.0,26.292328,8.727159,4.857591,3.8695674,2.7586212
198,0.16971332,3.3942666,0.0,25.967194,0.61742723,2.0114717,3.6134,3.6134,0.0,25.715363,9.25853,4.948906,4.3096237,2.7599258
199,0.16943972,3.3887944,0.0,26.526672,0.61740124,2.0164437,0.0,0.0,0.0,26.945557,9.175625,4.973236,4.202389,2.761351
200,0.16060714,3.212143,0.0,26.271118,0.5989577,2.0199313,1.5024,1.5024,0.0,26.407806,8.870541,4.963093,3.9074478,2.7610607
201,0.17527263,3.5054526,0.0,26.040375,0.61833143,2.0230103,16.3124,16.3124,0.0,25.990479,8.571066,4.8823647,3.6887012,2.762314
202,0.1657776,3.3155518,0.0,26.623627,0.6046987,2.0248528,0.0,0.0,0.0,26.829071,8.691621,4.924933,3.7666879,2.7641382
203,0.17052966,3.4105935,0.0,26.068237,0.61823225,2.027382,3.6380002,3.6380002,0.0,25.703583,8.455871,4.8548565,3.6010141,2.7643225
204,0.17626128,3.5252254,0.0,25.634369,0.6384333,2.0297883,1.3018001,1.3018001,0.0,25.443115,9.231588,4.9548697,4.2767186,2.7645862
205,0.16801918,3.3603835,0.0,25.822205,0.6211599,2.035139,0.30339998,0.30339998,0.0,25.700531,9.359902,4.9379816,4.421921,2.7643225
206,0.19402611,3.8805223,0.0,25.7836,0.6653534,2.0399647,7.6665993,7.6665993,0.0,25.520416,9.291414,4.941477,4.3499374,2.7644022
207,0.17715053,3.5430107,0.0,26.063812,0.6357418,2.044429,2.1244001,2.1244001,0.0,26.566803,9.264927,4.92855,4.336377,2.7649798
208,0.17972562,3.5945122,0.0,26.437592,0.6333821,2.0488753,5.8468,5.8468,0.0,26.670135,8.91209,4.9337482,3.978342,2.7670093
209,0.17035644,3.4071288,0.0,26.556793,0.61688197,2.0520875,0.1004,0.1004,0.0,27.006195,8.990249,4.9304996,4.059749,2.7672293
210,0.15504386,3.100877,0.0,26.908539,0.58535606,2.0550365,0.0,0.0,0.0,27.431763,8.820387,4.948941,3.8714457,2.7698355
211,0.16171053,3.2342105,0.0,26.590485,0.5833254,2.0570872,10.653999,10.653999,0.0,26.60431,8.461575,4.9410534,3.5205212,2.7694354
212,0.15659644,3.1319287,0.0,26.264008,0.5776116,2.0595293,0.40579998,0.40579998,0.0,26.132538,8.626608,4.8972597,3.7293482,2.7679281
213,0.15623972,3.1247945,0.0,25.861176,0.5708502,2.0618792,6.9216,6.9216,0.0,25.438904,8.668554,4.8997884,3.768766,2.7649422
214,0.17857552,3.5715103,0.0,25.35263,0.6230005,2.0641625,4.9086003,4.9086003,0.0,24.607117,8.833281,4.914897,3.9183836,2.7670932
215,0.19334236,3.8668473,0.0,25.243622,0.6727646,2.067802,0.6064,0.6064,0.0,24.782288,9.197156,4.9106374,4.2865186,2.7671757
216,0.17290658,3.4581313,0.0,25.435669,0.6315845,2.0723996,0.10000001,0.10000001,0.0,25.380737,9.005056,4.9058123,4.099244,2.7682548
217,0.16203895,3.2407792,0.0,25.82074,0.60700566,2.076165,0.0,0.0,0.0,26.025696,9.024086,4.9190307,4.1050553,2.7678971
218,0.15365422,3.0730844,0.0,26.527924,0.5869466,2.0793996,0.0,0.0,0.0,27.071625,8.826159,4.9674153,3.8587432,2.7686267
219,0.14646618,2.9293234,0.0,26.521942,0.5689484,2.0818422,0.10020001,0.10020001,0.0,26.858124,8.838155,4.965593,3.872562,2.7681947
220,0.1457313,2.914626,0.0,26.151764,0.5623156,2.0844882,2.7016,2.7016,0.0,25.93863,8.790242,4.9652166,3.8250256,2.7690334
221,0.15159562,3.0319123,0.0,26.223969,0.575692,2.0866466,0.0,0.0,0.0,26.231903,8.567867,4.920327,3.64754,2.769026
222,0.14872117,2.9744234,0.0,26.287018,0.5632083,2.088315,3.3021998,3.3021998,0.0,26.14914,8.733795,5.001236,3.7325592,2.7692173
223,0.15525821,3.1051643,0.0,26.326355,0.57498705,2.089962,2.4092,2.4092,0.0,26.234222,8.024321,4.927124,3.0971966,2.769627
224,0.1529502,3.059004,0.0,26.598053,0.57191163,2.0898452,0.2006,0.2006,0.0,26.803009,8.358242,4.907084,3.451158,2.7700398
225,0.14053446,2.8106892,0.0,26.840271,0.54308796,2.0903463,0.0,0.0,0.0,27.175385,8.358754,4.954089,3.404665,2.7706478
226,0.13401762,2.6803524,0.0,26.859344,0.52175725,2.0907023,2.5014,2.5014,0.0,26.988007,8.508251,4.959239,3.5490122,2.7711
227,0.15405725,3.0811453,0.0,26.705841,0.56206703,2.091582,2.8418002,2.8418002,0.0,26.650482,8.228523,4.9127955,3.3157277,2.7724183
228,0.16337503,3.2675006,0.0,26.604095,0.58177745,2.0921333,3.4122,3.4122,0.0,26.386047,8.534367,4.94062,3.5937467,2.7726839
229,0.16312164,3.2624328,0.0,25.931,0.5918468,2.0931199,3.0040002,3.0040002,0.0,25.827698,8.189436,4.878858,3.3105779,2.7708926
230,0.16289322,3.2578647,0.0,26.247162,0.60867167,2.093529,0.0,0.0,0.0,26.460754,8.457647,4.9466867,3.5109606,2.7711458
231,0.17310598,3.46212,0.0,25.896973,0.6200246,2.0941768,9.0152,9.0152,0.0,25.48233,8.04173,4.90845,3.1332798,2.7702749
232,0.19586304,3.9172611,0.0,25.449188,0.6666711,2.0940163,6.1081996,6.1081996,0.0,24.972565,8.232477,4.84525,3.387227,2.7703192
233,0.19007854,3.801571,0.0,25.159119,0.6516821,2.0950203,13.089,13.089,0.0,24.107971,7.9593067,4.823657,3.1356497,2.7718382
234,0.21367481,4.273496,0.0,25.026703,0.70890075,2.09517,2.5098,2.5098,0.0,24.289429,8.282827,4.823077,3.4597502,2.7723374
235,0.19538483,3.9076965,0.0,25.060638,0.6756668,2.0960689,2.3062,2.3062,0.0,24.687408,8.423882,4.836958,3.5869236,2.7724032
236,0.19581908,3.9163818,0.0,25.026123,0.6669032,2.0963018,7.7092,7.7092,0.0,24.811005,7.093643,4.6989527,2.3946905,2.7728038
237,0.18533576,3.7067153,0.0,25.332916,0.6558071,2.0930219,0.801,0.801,0.0,25.108032,7.654395,4.807058,2.8473372,2.7729175
238,0.22268793,4.4537587,0.0,25.113373,0.7141679,2.089923,14.7724,14.7724,0.0,24.53061,6.8800716,4.6837025,2.1963692,2.773175
239,0.20052008,4.0104017,0.0,25.704987,0.6850312,2.0863647,3.2050002,3.2050002,0.0,25.848877,8.169334,4.8788886,3.2904458,2.7739666
240,0.19797856,3.9595711,0.0,25.934723,0.67959106,2.0865169,2.9432,2.9432,0.0,25.572388,8.158583,4.8487396,3.309843,2.7742107
241,0.20050475,4.010095,0.0,25.77649,0.67631567,2.085806,10.753399,10.753399,0.0,25.49762,7.286852,4.783606,2.5032458,2.7745974
242,0.20268638,4.0537276,0.0,24.759094,0.6799855,2.082357,11.7702,11.7702,0.0,24.308289,6.936257,4.6935163,2.2427406,2.7733414
243,0.21171653,4.2343307,0.0,24.787476,0.6978569,2.0783005,7.1266003,7.1266003,0.0,24.658508,7.6030726,4.749419,2.8536534,2.7741106
244,0.18730941,3.7461884,0.0,25.288239,0.6593634,2.0768397,1.1042001,1.1042001,0.0,25.277527,7.883191,4.807202,3.0759892,2.7744915
245,0.1767333,3.534666,0.0,25.529144,0.6377753,2.0759873,0.101399995,0.101399995,0.0,25.444794,8.210355,4.84816,3.362195,2.775005
246,0.16701439,3.3402877,0.0,25.853363,0.6173812,2.0761876,0.0,0.0,0.0,26.069061,8.080524,4.8899565,3.190568,2.7751353
247,0.1618894,3.237788,0.0,25.759766,0.60566664,2.0757976,0.4006,0.4006,0.0,25.768036,7.768078,4.887844,2.8802338,2.7753265
248,0.16478576,3.2957149,0.0,25.566467,0.6100232,2.074757,1.1014001,1.1014001,0.0,25.511871,7.6361523,4.8364463,2.799706,2.7747245
249,0.15879193,3.1758387,0.0,25.26007,0.5948893,2.07335,0.70259994,0.70259994,0.0,25.033539,7.69912,4.832414,2.866706,2.7755175
250,0.15306316,3.0612636,0.0,25.363617,0.5816563,2.0724273,0.20019999,0.20019999,0.0,25.459442,7.823694,4.789293,3.0344014,2.7759557
251,0.14667156,2.9334314,0.0,25.542328,0.56630677,2.0716832,0.0,0.0,0.0,25.888916,7.9357824,4.8121114,3.123671,2.7763314
252,0.14300069,2.8600135,0.0,25.200348,0.55628806,2.0707653,0.701,0.701,0.0,25.279877,7.385581,4.729045,2.656536,2.7767093
253,0.14131686,2.8263373,0.0,24.587128,0.5510636,2.0684538,0.0,0.0,0.0,24.104645,7.886792,4.7515225,3.1352696,2.7762415
254,0.13483052,2.6966105,0.0,24.622528,0.5338228,2.0680583,0.0,0.0,0.0,24.61383,7.678094,4.7724876,2.9056063,2.776816
255,0.135937,2.71874,0.0,25.053741,0.53409153,2.0665972,0.7036001,0.7036001,0.0,25.079315,7.492195,4.741164,2.751031,2.7772985
256,0.13515787,2.7031577,0.0,25.153748,0.5258503,2.064406,4.316,4.316,0.0,25.265839,7.544748,4.758786,2.7859616,2.7775545
257,0.14737433,2.9474864,0.0,25.259033,0.5505823,2.0626318,0.70259994,0.70259994,0.0,25.442963,7.6063914,4.7855196,2.8208718,2.7780416
258,0.14355098,2.8710196,0.0,25.235107,0.539664,2.0604281,1.7068,1.7068,0.0,25.154602,6.8855624,4.646652,2.2389102,2.7785418
259,0.14295489,2.8590977,0.0,25.19455,0.5351809,2.0558019,2.7258,2.7258,0.0,25.36966,7.0157776,4.6686163,2.3471613,2.7789044
260,0.15244481,3.0488963,0.0,25.020905,0.5577666,2.0510762,1.9116,1.9116,0.0,25.246094,6.4774218,4.5873475,1.8900743,2.7793314
261,0.15639465,3.127893,0.0,25.252777,0.55324155,2.044839,5.8257995,5.8257995,0.0,25.837494,6.5552998,4.6163836,1.9389162,2.7799337
262,0.1410707,2.821414,0.0,25.12674,0.520382,2.0391302,0.1004,0.1004,0.0,25.458344,7.018156,4.6561875,2.3619685,2.7807107
263,0.13511574,2.702315,0.0,24.758667,0.4982903,2.035335,1.5056001,1.5056001,0.0,25.08603,7.0696807,4.604076,2.4656048,2.7818036
264,0.12738195,2.547639,0.0,24.545624,0.47143498,2.0318625,0.803,0.803,0.0,24.556793,7.2355614,4.6537995,2.5817618,2.7821698
265,0.120703,2.41406,0.0,24.157227,0.4459228,2.0286508,0.1004,0.1004,0.0,23.979584,6.888542,4.516804,2.371738,2.783023
266,0.112302735,2.2460546,0.0,22.573486,0.41521472,2.0247867,0.0,0.0,0.0,21.546967,7.1215067,4.3220377,2.799469,2.782957
267,0.10670849,2.13417,0.0,22.595062,0.39176863,2.0222101,0.0,0.0,0.0,22.318146,7.2966127,4.455668,2.8409448,2.7828846
268,0.11493476,2.298695,0.0,22.919067,0.40313998,2.0192544,2.0291998,2.0291998,0.0,22.963867,6.8223944,4.465604,2.3567905,2.7841506
269,0.11466141,2.2932281,0.0,23.138062,0.4045307,2.0151746,0.20279999,0.20279999,0.0,23.410797,6.6570616,4.5009336,2.156128,2.7835715
270,0.106171906,2.1234381,0.0,22.925415,0.3830611,2.0111008,0.0,0.0,0.0,23.052643,7.249614,4.5843234,2.6652904,2.7866962
271,0.09983551,1.9967102,0.0,23.043274,0.36466295,2.0090177,0.0,0.0,0.0,23.088348,7.3739777,4.650481,2.7234964,2.7874818
272,0.09467743,1.8935487,0.0,22.788574,0.3456564,2.0070686,0.0,0.0,0.0,22.648285,7.0566173,4.547009,2.5096083,2.7875996
273,0.09064339,1.8128679,0.0,22.427582,0.32951802,2.0036922,0.0,0.0,0.0,21.94632,6.816477,4.441046,2.3754306,2.7876174
274,0.087534845,1.7506968,0.0,22.353668,0.31472236,2.0003955,0.0,0.0,0.0,22.79184,7.2670584,4.4703903,2.796668,2.7892256
275,0.08391433,1.6782868,0.0,22.982666,0.2978137,1.9977691,0.0,0.0,0.0,23.6362,6.9972024,4.520876,2.4763265,2.7924118
276,0.091458604,1.8291721,0.0,22.807861,0.30620882,1.994109,1.4051999,1.4051999,0.0,22.609955,6.9800873,4.4827304,2.497357,2.7918947
277,0.08499809,1.6999619,0.0,22.630096,0.2847684,1.9906021,0.0,0.0,0.0,22.668549,6.8029447,4.4694495,2.3334951,2.7941265
278,0.084218845,1.684377,0.0,22.460846,0.27814692,1.9868728,0.70259994,0.70259994,0.0,22.723969,6.695075,4.4602532,2.2348218,2.7981672
279,0.12135373,2.4270747,0.0,22.321167,0.41839233,1.9833573,3.5046,3.5046,0.0,22.716888,7.124216,4.522667,2.6015491,2.7897868
280,0.11350261,2.2700522,0.0,22.213776,0.41327944,1.980756,0.50100005,0.50100005,0.0,22.823883,6.7372646,4.4877706,2.249494,2.7890103
281,0.10704569,2.1409135,0.0,21.88031,0.39939174,1.9772748,0.0,0.0,0.0,21.981476,7.101969,4.544123,2.5578456,2.7944157
282,0.10076259,2.0152519,0.0,21.352264,0.38477784,1.9749916,0.0,0.0,0.0,21.439209,6.845664,4.456186,2.3894782,2.7955272
283,0.10784509,2.1569018,0.0,21.750336,0.40207034,1.9711854,2.03,2.03,0.0,22.040253,6.6675835,4.583521,2.0840626,2.794917
284,0.123234294,2.464686,0.0,21.579193,0.43398142,1.967302,4.5666,4.5666,0.0,21.575409,6.6123495,4.557864,2.0544853,2.7997553
285,0.15382019,3.0764036,0.0,20.35556,0.53833073,1.9619248,5.8134003,5.8134003,0.0,19.036713,5.1003757,4.193738,0.90663767,2.7895327
286,0.16925569,3.385114,0.0,20.240082,0.6154629,1.9534655,2.2025998,2.2025998,0.0,19.588043,6.2819595,4.333041,1.9489183,2.785305
287,0.153952,3.07904,0.0,20.401398,0.58431304,1.9485843,0.10020001,0.10020001,0.0,19.96045,6.611742,4.326311,2.285431,2.7861087
288,0.15272307,3.0544615,0.0,21.078613,0.5796646,1.9442999,1.8022001,1.8022001,0.0,21.215973,6.2049465,4.422768,1.7821784,2.7867072
289,0.16413924,3.2827847,0.0,20.59549,0.6086019,1.9386095,1.5037999,1.5037999,0.0,19.937103,6.28823,4.446062,1.8421679,2.786455
290,0.1492309,2.984618,0.0,17.819397,0.57533634,1.9336901,0.0,0.0,0.0,15.783417,6.242935,3.9956667,2.2472684,2.7877262
291,0.13974161,2.7948322,0.0,15.568359,0.55127394,1.9286666,0.0,0.0,0.0,13.205475,5.7046957,3.542077,2.1626186,2.7923226
292,0.13425566,2.6851132,0.0,15.891846,0.53621364,1.9222258,0.0,0.0,0.0,14.93222,6.218519,3.760658,2.4578612,2.7901335
293,0.13072388,2.6144776,0.0,17.44336,0.5242087,1.9175506,0.0,0.0,0.0,17.405243,6.42669,4.1025014,2.3241887,2.7894557
294,0.12789045,2.557809,0.0,17.688324,0.5163121,1.913416,0.7016,0.7016,0.0,18.03012,6.2281766,4.2124033,2.0157733,2.7924252
295,0.12977208,2.5954416,0.0,17.756073,0.521665,1.9091817,0.2008,0.2008,0.0,17.659546,6.824777,4.273681,2.551096,2.7934036
296,0.12237929,2.4475858,0.0,17.510223,0.50015783,1.9066825,0.0,0.0,0.0,17.657593,6.882557,4.2298126,2.6527443,2.7945976
297,0.117683604,2.353672,0.0,17.66269,0.48453388,1.9040422,0.0,0.0,0.0,18.328339,6.4388695,4.1948156,2.2440538,2.798396
298,0.1546179,3.092358,0.0,18.490082,0.54875576,1.8977797,14.742397,14.742397,0.0,18.337372,4.568495,4.204913,0.36358166,2.7923448
299,0.17211446,3.4422894,0.0,17.404083,0.5882803,1.8878415,8.2098,8.2098,0.0,15.972137,5.7329082,4.103025,1.6298833,2.7910705
300,0.15040973,3.0081947,0.0,16.34671,0.55406064,1.8819423,0.0,0.0,0.0,14.801727,6.216954,3.9930959,2.2238584,2.7894702
301,0.16692509,3.3385017,0.0,17.092133,0.5974261,1.8765213,3.212,3.212,0.0,16.772888,5.5104713,4.0475826,1.4628887,2.7894886
302,0.1762164,3.5243278,0.0,17.506622,0.619436,1.8675807,4.653,4.653,0.0,16.848846,4.5981026,3.9871736,0.610929,2.790712
303,0.22239459,4.4478917,0.0,17.816406,0.7136079,1.8564882,19.997402,19.997402,0.0,17.270355,4.596966,4.044455,0.55251074,2.7864413
304,0.20130546,4.026109,0.0,17.117432,0.68158704,1.84584,5.5066,5.5066,0.0,14.948456,4.8395433,3.8886802,0.9508631,2.786267
305,0.18191035,3.6382072,0.0,15.634125,0.64866656,1.8371218,0.0,0.0,0.0,13.647797,5.4760303,3.783091,1.6929393,2.7864609
306,0.17046604,3.4093208,0.0,14.867157,0.624854,1.8305998,0.0,0.0,0.0,13.658813,5.796014,3.7497563,2.0462575,2.786685
307,0.16210023,3.2420044,0.0,13.657532,0.6062354,1.8246975,0.0,0.0,0.0,12.228699,5.55692,3.5232787,2.0336413,2.786666
308,0.15928033,3.1856065,0.0,13.885712,0.5998596,1.8174846,0.4016,0.4016,0.0,13.321167,4.9389477,3.5674944,1.3714533,2.7876792
309,0.1610366,3.2207322,0.0,14.786774,0.602365,1.8094106,1.5020001,1.5020001,0.0,14.785248,5.269332,3.7752647,1.4940672,2.7869802
310,0.16135801,3.2271602,0.0,15.929352,0.6031374,1.8031027,0.0,0.0,0.0,16.242615,5.95315,4.0545645,1.8985853,2.7861638
311,0.15712735,3.1425471,0.0,16.098358,0.59134036,1.7985382,2.0022001,2.0022001,0.0,16.848267,5.5334845,4.0606947,1.4727898,2.786148
312,0.1616687,3.233374,0.0,16.114716,0.60049725,1.7927549,0.10020001,0.10020001,0.0,15.585663,5.170694,3.9631355,1.2075584,2.7862906
313,0.15276033,3.0552068,0.0,15.302887,0.5809404,1.7854671,0.0,0.0,0.0,14.773773,5.2461634,3.8421626,1.4040008,2.7869115
314,0.14718206,2.9436412,0.0,14.158234,0.56775206,1.7791152,0.0,0.0,0.0,14.438721,5.5057487,3.759973,1.7457757,2.7878838
315,0.14783987,2.9567974,0.0,15.058289,0.5695693,1.7728918,1.6064,1.6064,0.0,15.341248,5.0697737,3.9240813,1.1456923,2.7865946
316,0.18423966,3.684793,0.0,14.711273,0.6367512,1.7642272,12.659198,12.6026,0.056597974,12.820465,3.738121,3.6149936,0.12312746,2.7861886
317,0.16936229,3.387246,0.0,11.367523,0.61571586,1.7524011,0.0,0.0,0.0,7.3802185,3.4820104,3.0224142,0.45959616,2.7884846
318,0.15864263,3.172853,0.0,9.626038,0.5931472,1.7406662,0.0,0.0,0.0,7.290222,4.069374,2.9187949,1.1505792,2.7870464
319,0.17499542,3.4999084,0.0,10.4600525,0.62820256,1.7312797,3.9052,3.9052,0.0,9.420746,4.4068613,3.1449058,1.2619555,2.7860374
320,0.16621886,3.324377,0.0,11.054657,0.6129862,1.722834,0.0,0.0,0.0,10.399811,4.954931,3.324428,1.6305027,2.78578
321,0.15880191,3.1760383,0.0,11.410126,0.5958823,1.7158628,0.0,0.0,0.0,11.146576,5.3282213,3.3601463,1.968075,2.7858775
322,0.1533378,3.066756,0.0,11.700409,0.58304316,1.7097538,0.0,0.0,0.0,11.854645,4.9003577,3.3749392,1.5254185,2.7859423
323,0.14867476,2.973495,0.0,10.903076,0.5715474,1.7022325,0.0,0.0,0.0,10.224915,5.0851946,3.2408037,1.8443909,2.7859168
324,0.14464507,2.8929014,0.0,10.676666,0.56155425,1.6959698,0.0,0.0,0.0,10.197113,5.287754,3.2699654,2.0177886,2.786659
325,0.14106622,2.8213243,0.0,10.3446045,0.5529299,1.6907144,0.0,0.0,0.0,10.690338,5.4022055,3.3128428,2.0893626,2.786744
326,0.16042556,3.2085109,0.0,12.459747,0.59438235,1.685645,3.7136002,3.7136002,0.0,13.345306,5.260252,3.6865797,1.5736723,2.7870123
327,0.16909389,3.381878,0.0,12.290619,0.6137125,1.679848,3.9044,3.9044,0.0,12.285614,4.944393,3.565715,1.3786781,2.7872665
328,0.16269843,3.2539687,0.0,11.93457,0.6038517,1.6735904,0.0,0.0,0.0,10.968964,5.359194,3.4888043,1.8703895,2.7872856
329,0.1776667,3.553334,0.0,11.794647,0.6332184,1.668278,4.0056,4.0056,0.0,11.828583,5.107034,3.5044363,1.602598,2.785294
330,0.18044737,3.6089473,0.0,12.535706,0.6422017,1.6619321,3.4426003,3.4426003,0.0,11.744415,4.235761,3.539722,0.6960392,2.785656
331,0.20332582,4.0665164,0.0,11.976898,0.68419474,1.6535971,7.0092,7.0092,0.0,11.716034,5.3661175,3.6828196,1.6832979,2.7855747
332,0.18196824,3.6392627,9.360354e-05,10.673584,0.6497581,1.6484132,0.40579998,0.40579998,0.0,10.473206,4.683982,3.2809553,1.4030266,2.7853503
333,0.17789164,3.5578327,0.0,12.18338,0.6406396,1.6414442,0.60859996,0.60859996,0.0,12.120941,4.969778,3.5918326,1.3779454,2.7856474
334,0.19379345,3.875869,0.0,13.914825,0.6592452,1.6350836,12.269802,12.269802,0.0,14.159363,4.7711716,3.868533,0.9026387,2.7850986
335,0.18879284,3.7758567,0.0,13.30777,0.6570213,1.6280011,1.0104,1.0104,0.0,11.848907,4.6052594,3.6407955,0.96446395,2.7848682
336,0.1733174,3.4663482,0.0,11.987946,0.6265057,1.6204787,0.0,0.0,0.0,10.390381,4.5470796,3.3800259,1.1670537,2.785071
337,0.16993538,3.3987072,0.0,11.614502,0.61967826,1.612407,0.901,0.901,0.0,11.993561,4.782829,3.4547944,1.3280344,2.7851255
338,0.16427602,3.2855206,0.0,11.090698,0.6094698,1.6053181,0.0,0.0,0.0,10.868652,4.705747,3.3649263,1.3408208,2.7853205
339,0.16814782,3.3629563,0.0,11.938477,0.61519706,1.5981064,1.9276001,1.9276001,0.0,13.054901,4.5895696,3.5460587,1.0435109,2.7854295
340,0.18526317,3.7052636,0.0,12.294861,0.6416051,1.5898793,11.380199,11.380199,0.0,13.433807,3.848102,3.5734143,0.27468777,2.7854545
341,0.19293852,3.8587704,0.0,12.008789,0.67248386,1.580107,0.0,0.0,0.0,11.27121,3.9422328,3.3822265,0.5600064,2.7849994
342,0.17967077,3.593415,0.0,11.968658,0.6459885,1.5703433,0.2008,0.2008,0.0,11.277924,3.7610457,3.3645802,0.39646554,2.7838464
343,0.1727224,3.454448,0.0,11.884918,0.6304895,1.5606611,0.10020001,0.10020001,0.0,11.648773,4.098279,3.4283829,0.6698961,2.7836788
344,0.1845382,3.690764,0.0,12.8591,0.6501948,1.5508729,3.8461998,3.8461998,0.0,13.267548,3.5896688,3.5941257,-0.004456997,2.783503
345,0.19013077,3.8026156,0.0,12.00943,0.659022,1.5404198,4.6166005,4.5989804,0.0176199,11.556549,3.4663653,3.408509,0.05785632,2.7834466
346,0.18430005,3.6860013,0.0,10.262573,0.6527637,1.5305223,0.10020001,0.10020001,0.0,9.33847,4.1659203,3.0949984,1.0709219,2.783446
347,0.18004453,3.6008906,0.0,11.60498,0.64424026,1.5212505,1.9266,1.9266,0.0,11.183838,3.2854762,3.2984161,-0.01293993,2.7834554
348,0.18310297,3.6620593,0.0,12.694794,0.64944255,1.5101756,2.806,2.806,0.0,12.25589,3.6920447,3.5160835,0.17596126,2.7827153
349,0.21235447,4.24709,0.0,12.320374,0.6976746,1.5011888,8.967799,8.967799,0.0,11.154083,3.9109254,3.3800244,0.53090096,2.7825117
350,0.18644825,3.728965,0.0,11.947357,0.658361,1.492129,0.0,0.0,0.0,11.095795,4.4028177,3.4568896,0.9459281,2.7824366
351,0.20126617,4.025323,0.0,11.602631,0.67955476,1.4833152,7.205,7.205,0.0,9.945221,2.8945594,3.2203307,-0.32577133,2.782209
352,0.19682945,3.936589,0.0,9.609528,0.67768234,1.4711763,2.5032,2.5032,0.0,7.153778,3.3885403,2.9307299,0.4578104,2.7819746
353,0.18520041,3.704008,0.0,8.208801,0.656986,1.4597552,0.40080005,0.40080005,0.0,6.0400085,3.1608486,2.6897278,0.47112083,2.7817822
354,0.18236242,3.6472485,0.0,8.213623,0.6502552,1.4483389,1.3024001,1.3024001,0.0,7.074768,2.9605067,2.7166803,0.24382639,2.7813141
355,0.17943402,3.5886803,0.0,9.173401,0.6445291,1.4371531,0.6046001,0.6046001,0.0,8.305511,2.9158459,2.8949938,0.020852089,2.781045
356,0.2013584,4.0271673,0.0,8.761444,0.6710053,1.4255624,13.1922,13.1922,0.0,7.7802734,3.530972,2.8909614,0.6400106,2.7808998
357,0.18385571,3.677114,0.0,8.886139,0.6507093,1.416081,0.5046,0.5046,0.0,7.503723,3.808885,2.975016,0.833869,2.7806964
358,0.17751549,3.3435452,0.18960312,8.635132,0.6155093,1.4086586,0.0,0.0,0.0,7.769806,4.1601925,3.0603468,1.0998456,2.7804427
359,0.17668569,3.2899864,0.22349794,9.315155,0.61163044,1.4015752,0.0,0.0,0.0,8.980103,3.7133493,3.1716032,0.54174614,2.7802649
360,0.16539308,3.2798743,0.025664091,9.372437,0.6114397,1.3927069,0.0,0.0,0.0,9.081512,3.8828588,3.1111846,0.77167416,2.7801256
361,0.16061907,3.2123814,0.0,10.548126,0.60391533,1.3840674,0.0,0.0,0.0,10.982513,3.9787698,3.3492413,0.6295285,2.7800171
362,0.15882207,3.1764414,0.0,12.362518,0.598228,1.3762907,0.20019999,0.20019999,0.0,13.612549,4.4991775,3.7264345,0.772743,2.7791448
363,0.16466539,3.2933078,0.0,13.602295,0.6079497,1.3699884,3.0388005,3.0388005,0.0,15.275238,4.5298796,3.9773636,0.552516,2.779003
364,0.19391458,3.8782916,0.0,13.873596,0.65958816,1.3634892,11.3216,11.3216,0.0,14.319244,3.8360357,3.7908392,0.045196533,2.7785954
365,0.17761211,3.5522423,0.0,11.849213,0.7093325,1.5265191,0.0,0.0,0.0,14.39212,6.3073826,3.8286886,2.478694,2.7681794
